station_id,code,name,city,state
6272,ACCI,ADICHUNCHUNA,,
1263,ACOI,CHHEOKI,,
457,ACPR,ARCHIPATHAR,,
7983,AKAH,ARTALAKATTA,,
3649,AKIP,"AKAIPUR H",,
7399,ALE,AMLETHA,,
4745,ALPD,ADALPAHARI,,
3729,AMBG,ARAMBAG,,
7803,AMD,"AMILA (HALT)",,
3769,AMZ,AMTA,,
7978,ARMU,ARMOOR,,
3678,ARNB,AMARUN,,
3547,ASKR,"ASHOKNAGAR R",,
7395,AVH,AVIDHA,,
6560,AZK,AZHWARKURUCH,,
3776,BAC,BARGACHIA,,
5615,BARA,BILARA,,
7793,BASR,BATESAR,,
6054,BBCE,BULBULCHANDI,,
7815,BBI,"BARA BANI",,
8117,BCL,"MUMBAI CENTR",,
5614,BCW,BHAWI,,
7800,BDB,VRINDAVAN,,
450,BDLN,BORDOLANI,,
8042,BDPR,BRINDABANPUR,,
7792,BDRI,BHADRAULI,,
7923,BDS,BORADIGHI,,
8145,BEPR,"BELAPUR C.B.",,
4838,BES,BES,,
8044,BEX,"BELBONI PH",,
447,BGND,BOGINADI,,
3069,BGNP,BANAGALAPALL,,
2981,BGNR,"B G NAGAR",,
7866,BGTN,BHAGTANWALA,,
7820,BHAU,BHALUA,,
7831,BHMW,BHAMBHEWA,,
6086,BHNG,BHALUKPONG,,
6023,BHRM,BISHRAMGANJ,,
331,BIDD,BIDIYAD,,
7391,BII,BORIDRA,,
501,BJL,BRAHMAJAN,,
6569,BJM,BAGAVATHIPUR,,
3784,BKNM,"BANKRA NAYAB",,
8046,BKNO,BIKNAPH,,
6024,BLGH,BISHALGARH,,
7833,BLJA,"BHALOJALA  H",,
7380,BMVR,BMVR,,
7175,BORD,"BOLAGARH ROA",,
7174,BORT,"Bolagarh tow",,
7944,BPJ,"BARA HAPJAN",,
7575,BPKH,"BUDHA PUSHKA",,
872,BPV,BHOTEPATTI,,
8054,BRA,BIRSOAL,,
4831,BRHI,BARHI,,
7809,BRHT,"BAILEY ROAD",,
4749,BRMA,BARMASIA,,
3712,BRMH,BELURMATH,,
7824,BRNI,"BARWASNI HAL",,
4865,BRPS,BARAPALASI,,
4326,BSRI,BASARI,,
8036,BTRB,"BETUR PH",,
3679,BTRH,BHATAR,,
8024,BUGM,BERUGRAM,,
7829,BUTN,"BUTANA HALT",,
499,BVV,BEDETTI,,
8032,BWCN,BOWAICHANDI,,
7172,BYZA,BEGUNIA,,
8043,BZC,"BELIATOR PH",,
875,CAPG,CHAPAGURI,,
7927,CBD,CHANGRABANDH,,
8101,CBY,KHAMBHAT,,
8011,CDBH,CANDRABANDA,,
3550,CDP,CHANDPARA,,
6084,CHOD,CHARDUAR,,
4839,CHRI,CHARHI,,
4231,CHRK,CHURKI,,
3675,CMDG,CHAMARDIGHI,,
7819,CNDN,CHANDAN,,
2771,CNJW,"HOLDING LINE",,
2983,CNPA,CHENNRAYAPAT,,
552,CNV,KINATTUKKADA,,
3652,CPHT,"COOPERS HALT",,
69,CSMT,CST-MUMBAI,,
1478,DADN,MHOW,,
4325,DAYG,DARIYAGANJ,,
5957,DBLG,DIJAOBRA,,
7861,DBNK,"DERABABA NAN",,
503,DBW,DUBIA,,
5892,DCH,"DINHATA COLL",,
7773,DDCL,"DOMBIVLI CTL",,
7813,DDG,"DIGHA GHAT",,
5629,DGBH,"DIGHA BRIDGE",,
8038,DGF,"DHANGARIA PH",,
7772,DGFJ,DAHEJ,,
4939,DGHL,DIGHAL,,
7390,DHM,"DADHAL INAM",,
8039,DIM,"DHANSIMLA PH",,
458,DIPA,DIPA,,
7805,DIT,DOHRIGHAT,,
3778,DJR,DOMJUR,,
3777,DKB,DAKSHINBARI,,
7989,DKSA,DRAKSHARAMA,,
3779,DMJR,"DOMJUR ROAD",,
7789,DMSR,DHIMSIRI,,
7949,DNGI,DANGARI,,
3782,DNI,"DANSI PH",,
4824,DNWR,DHANWAR,,
7926,DOI,DOMOHNI,,
494,DQL,DHALAIBI,,
5911,DSKG,"DR SHRI KRIS",,
6273,DSVS,"D Samudraval",,
7890,DUS,DULRASAR,,
7946,DUT,"DUM DUMA TOW",,
6373,EDN,EDAMANN,,
7790,FAB,FATEHABAD,,
7857,FGCN,"FATEHGARH CH",,
6085,GAMN,GAMANI,,
3552,GBG,GOBARDANGA,,
7977,GDRA,GANGADHARA,,
4243,GGGS,"GARHA GOODS",,
7997,GGNP,GANGANPALLE,,
3647,GGP,GANGNAPUR,,
4518,GIHT,"GAIGHAT HALT",,
4936,GKG,GOKULGARH,,
8023,GMDP,GRAMDADPUR,,
7392,GME,GUMANDEV,,
686,GMGM,GOMANGALAM,,
8022,GMMG,"GRAM MASAGRA",,
2827,GMTO,GUMTO,,
3650,GN,"GOPAL NAGAR",,
7139,GNJB,GOPINATHJEW,,
449,GOM,GOGAMUKH,,
8028,GOR,GOPINATHPUR,,
7887,GOZ,GOLSAR,,
8059,GRHX,GARRA,,
8053,GRJ,"GATRA HALT",,
7802,GSI,GHOSI,,
8031,GSQ,"GUIR SARANG",,
8075,GUDM,GUDUM,,
3546,GUMA,GUMA,,
8016,GUMI,GORUMAHISANI,,
6995,GVDP,"GOVINDPUR PH",,
7991,GVMH,"GANGAVARAM H",,
7836,GWSB,"GOINDWAL SAH",,
7794,HAB,BAH,,
8041,HAM,"HAMIRATTI PH",,
3770,HDC,HARISHDADPUR,,
669,HDIH,HOODI,,
7858,HDWL,HARDORAWAL,,
3448,HISE,HIRISAVE,,
8003,HLKH,HALLIKHED,,
8005,HLKK,HALLIKHERK,,
7945,HNR,HANSARA,,
4747,HRNS,HARISING,,
8056,HTT,"HATTA ROAD",,
4837,HZBN,"HAZARIBAGH T",,
8034,INS,"INDAS PH",,
4327,ISHN,ISHANAGAR,,
7830,ISRI,"ISHAPUR KHER",,
7797,JATP,JAITPURA,,
4822,JAUA,JAMUA,,
451,JFD,JIADHAL,,
7394,JGI,"JHAGADIYA JN",,
5966,JGLP,JATINGA,,
3425,JHJ,JHEJHAR,,
8002,JKAR,JAKLAIR,,
3781,JLBR,JHALUARBAR,,
435,JLF,JULMI,,
3771,JLI,"JALALSI PH",,
434,JLWC,"JHALAWAR CIT",,
7398,JRV,"JUNA RAJUVAD",,
7795,JTKN,"JAITPUR KALA",,
462,JYK,"JONEKARANG H",,
4833,KAGA,KURHAGADA,,
7822,KARJ,KARJHAUSA,,
6565,KARK,KARAIKKURICH,,
4834,KAUA,KATHAUTIA,,
8060,KAYI,"KAYDI HALT",,
593,KDAG,"KYATSNDRA GO",,
7835,KDSB,"KHADUR  SAHI",,
7990,KDUH,KUNDURU,,
7864,KEMK,"KHEM KARAN",,
8063,KFX,KOCHEWAHI,,
8065,KGE,KATANGI,,
7828,KHDR,"KHANDARI HAL",,
4330,KHGP,KHARGAPUR,,
6561,KIB,"KIZHA AMBUR",,
6563,KIC,KALLIDAIKURU,,
2979,KIGL,KUNIGAL,,
3676,KJRA,KARJANA,,
3677,KJRM,"KARJANA GRAM",,
4835,KKAS,KATKAMASANDI,,
7823,KKBA,KAKBARA,,
6558,KKY,KILAKADAIYAM,,
6208,KLGN,KALANGANI,,
3070,KLKA,KOILAKUNTLA,,
8100,KLWD,KALITALAVADI,,
3490,KLYG,"KALYANI GHOS",,
3489,KLYM,"KALYANI SIMA",,
7889,KLYN,KHILERIYAN,,
3491,KLYS,"KALYANI SILP",,
8006,KMLK,KAMALAPUR,,
6008,KMNG,KAMRANGA,,
3673,KMRA,KAMNARA,,
8035,KMRL,"KUMRUI PH",,
8057,KNDG,KANHADGAON,,
3783,KONA,"KONA PH",,
7982,KOVH,"KOVVADA HALT",,
7801,KPJ,"KOPAGANJ HAL",,
7992,KPLH,KOTIPALLI,,
4828,KQRT,"KODERMA TOWN",,
7984,KRAP,"KRAPPA HALT",,
7788,KRDN,KARAUNDHANA,,
8055,KRXA,KHARA,,
8091,KRYR,KARAMSAD,,
3674,KSHT,KHETIA,,
4836,KSNA,"KANASAR NAWA",,
7856,KTGN,"KOTLA GUJRAN",,
7821,KTOR,KATORIYA,,
509,KTPR,KATHALPUKHUR,,
3289,KTRK,KUTURUKHAMAR,,
4841,KUJU,KUJU,,
4867,KUMT,KURMAHAT,,
7171,KURT,"KHURDA TOWN",,
4750,KURV,KURVA,,
4821,KWAR,KAWAR,,
8030,KYB,"KAIYAR PH",,
6555,KYZ,"KIZHA PULIYU",,
7826,LATH,"LATH HALT",,
445,LBI,LILABARI,,
5978,LGI,LONGAI,,
461,LMY,LAIMEKURI,,
8064,LNW,LAKHANWARA,,
7976,LPJL,JAGITYAL,,
6159,LPK,LEPETKATA,,
7925,LTG,"LATAGURI JN",,
7832,LTKR,"LALIT KHERA",,
7993,MADU,MADDURU,,
3648,MAJ,MAJHERGRAM,,
7791,MAKP,MANIKPURA,,
6206,MALR,MALLUR,,
3728,MAYP,MAYAPUR,,
3780,MDC,MAKARDAHA,,
7888,MELH,MELUSAR,,
497,MFC,MONABARI,,
7796,MGKP,"MANISINGH KA",,
5774,MGZ,MAHARAJGANJ,,
822,MHBA,MATHABHANGA,,
3773,MHLN,MAHENDRALALN,,
4938,MHRI,MACHHRAULI,,
4827,MHSA,"MAHESHPUR 'A",,
3772,MJH,"MAJU (PH)",,
7855,MJTA,MAJITHA,,
7574,MKWI,"MAKARWADI HA",,
7922,MLBZ,"MAL BAZAR",,
6042,MLFC,"MALDA COURT",,
4840,MNDU,"MANDU HALT",,
3774,MNH,"MUNSIRHAT PH",,
7825,MOHR,"MOHANA HARYA",,
3444,MONR,MOHANUR,,
6016,MPRA,MAHAMADPUR-A,,
6005,MRBD,MOINARBAND,,
7804,MRDP,"MURADPUR (HA",,
8001,MRKL,MARIKAL,,
7979,MRTD,MORTAD,,
7799,MSE,MASANI,,
3553,MSL,MACHHALANDAP,,
5977,MSSN,MAISHASHAN,,
8025,MTIP,MATHNANHIPUR,,
7980,MTPI,METPALLI,,
687,MVRD,MAIVADIROAD,,
4332,MWAI,MAWAI,,
821,MYGD,"MYNAGURI RD",,
453,MYO,MORIDHAL,,
463,MZS,"MURKEONG SEL",,
3646,NBRN,"NABA RAYNAGA",,
498,NBX,NIZBARGANJ,,
495,NCA,NIZCHATIA,,
873,NCBD,"NEW CHANGRAB",,
8148,NEU,NERUL,,
8051,NGDM,"NAGRA DHAM P",,
8048,NGJA,NARAYANAPPAV,,
7393,NGMN,"NEW GUMANDEV",,
200,NHGJ,"NEW HARANGAJ",,
467,NHLG,"NEW HALFLONG",,
2978,NMGA,Nelamangala,,
4866,NNHT,NONIHAT,,
7818,NNWH,"NEW NAWADIH",,
7886,NOA,"NOSARIA  HAL",,
8045,NOB,"NOBANDA PH",,
6130,NOLB,NOLBARI,,
7924,NOR,NEORANADI,,
7995,NOSM,NOSSAM,,
6004,NSCL,"NEW SILCHAR",,
7987,NSPH,NARASAPURAPU,,
8096,NTN,"NAR TOWN",,
4825,NWDH,NAWADIH,,
4826,NWSI,"NAWAL SAHI H",,
7176,NYGT,NAYAGARHTOWN,,
874,NYRH,NAYARHAT,,
7808,OSH,"OLD SACHIVAL",,
4829,PADH,PIPRADIH,,
2243,PAIL,"BLOCK HUT 'C",,
8010,PASR,"PANDURANGA S",,
330,PBC,"PARVATSAR CI",,
7810,PCHT,"PUNAICHAK HA",,
6207,PCTM,PUDUCHATTI,,
5612,PCY,"PIPAR CITY",,
4832,PDMA,PADMA,,
7998,PDMI,PENDLIMARRI,,
6567,PEA,PETTAI,,
8009,PJPR,"PJP ROAD HAL",,
5728,PJPT,"PARJAPATI HA",,
7771,PKJN,PAKHAJAN,,
4937,PLHW,PALHAWAS,,
8095,PNDR,PANDORI,,
688,PPTR,PUSHPATTUR,,
8052,PRBG,"PRATAP BAGH",,
4746,PRGR,PINAGORIA,,
4255,PRTR,PUTTARRA,,
8037,PSF,"PATRASAYER P",,
3775,PTHL,"PANTIHAL PH",,
2247,PTPL,PETRAPOLE,,
7576,PUHT,"PUSHKAR TERM",,
5511,PYI,PAYLI,,
7867,QDN,QADIAN,,
4328,RAPU,RAMPURA,,
7988,RBCS,RAMACHANDRAP,,
7827,RBHR,"RABHRA HAALT",,
7807,RBHT,"R BLOCK HALT",,
7860,RCR,"RATAR CHHATT",,
7859,RDS,RAMDAS,,
4823,REMA,REMA,,
7396,RJD,RAJ-PARDI,,
8049,RML,"ROMPALLE PH",,
6006,RNGN,RANIGAON,,
8026,RNGR,"RAINAGAR PH",,
2749,RPSC,"Rudrapur Sid",,
7947,RPY,RUPAI,,
7173,RSKA,RAJSUNAKHALA,,
6020,RTRA,RAMNATHPUR,,
8116,RVJ,"RAVLI JN",,
7812,RVN,"RAJIV NAGAR",,
6559,RVS,RAVANASAMUDR,,
8050,SALR,SALUR,,
7769,SAMN,"SAMNI JN.",,
8099,SAY,SAYAMA,,
424,SBDP,"SABDALPUR JN",,
2982,SBGA,SHRAVANABELA,,
455,SBGN,SISIBORGAON,,
1453,SFMU,SUNAM,,
8062,SGC,SAONGI,,
8033,SHKL,"SHANKRUL PH",,
8027,SHMR,SHYAMSUNDAR,,
6007,SIBR,SHRIBAR,,
6271,SIDP,SIDDAPURA,,
6274,SIGA,SHANTIGRAMA,,
5613,SILR,SILARI,,
7994,SJMA,SANJAMALA,,
4748,SKIP,SHIKARIPARA,,
7798,SKJS,"KRISHAN JANM",,
6025,SKKE,SEKERKOTE,,
4331,SKNP,SARKANPUR,,
8007,SLTP,SULTANPUR,,
459,SMCP,"SIMEN CHAPAR",,
6566,SMD,CHERANMAHADE,,
3555,SNHT,SANHATI,,
510,SOB,SILANIBARI,,
6269,SOLR,SOLUR,,
8040,SONA,"SONAMUKHI PH",,
7811,SPHT,"SHIVPURI HAL",,
7834,SPJB,"SAIDPUR JALA",,
6053,SQB,SINGHABAD,,
8029,SRBZ,"SEHARA BAZAR",,
454,SRPN,SRIPANI,,
7817,SSCR,"SONACHARA  S",,
3377,SSDT,"SHAMSHABAD T",,
3651,STBB,SATBERIAHALT,,
7975,STBD,"SULTANABAD H",,
3879,SUAL,saundal,,
7996,SUPP,SUPPALAPADU,,
448,SUZ,SUBANSIRI,,
446,SWJ,SIAJULI,,
6270,TASA,TIPPESANDRA,,
505,TBH,TATIBAHAR,,
7768,THMA,THAM,,
4329,TILA,TILA,,
3551,TKNR,THAKURNAGAR,,
3731,TKPH,"TAKIPUR HALT",,
7948,TLL,TALAP,,
3730,TLPH,TALPUR,,
5799,TMUR,"Tenua Dumari",,
7816,TOP,TAPASI,,
506,TPG,TIPLING,,
460,TQM,TELAM,,
7400,TRF,TAROPA,,
8097,TRP,TARAPUR,,
508,TUJ,TANIJAN,,
6568,TYT,TIRUNELVELI,,
7643,UDMR,"UDI MOR",,
504,UKE,UTTARKATHANI,,
7397,UML,UMALLA,,
4830,UWAN,URWAN,,
8144,VDLR,"MUMBAI VADAL",,
7986,VGH,"VELANGI HALT",,
7770,VGRA,VAGRA,,
7985,VH,"VAKADA HALT",,
8112,VJF,VIJAPUR,,
6209,VNGL,LADDIVADI,,
6011,VNGP,VANGAICHUNGP,,
3878,VRLI,veravali,,
8143,VSH,VASHI,,
6564,VVR,VIRAVANALLUR,,
8061,WRI,WARASEONI,,
6811,YADA,SATYAVALLI,,
584,YPRA,"YESVANTPUR B",,
8098,YVP,YAWARPURA,,
2980,YY,YEDIYYURU,,
